title,price
A Light in the Attic,£51.77
Tipping the Velvet,£53.74
In Her Wake,£12.84
How Music Works,£37.32
Slow States of Collapse: Poems,£57.31
Reasons to Stay Alive,£26.41
The Nameless City (The Nameless City #1),£38.16
The Murder That Never Was (Forensic Instincts #5),£54.11
"Princess Jellyfish 2-in-1 Omnibus, Vol. 01 (Princess Jellyfish 2-in-1 Omnibus #1)",£13.61
Princess Between Worlds (Wide-Awake Princess #5),£13.34
Immunity: How Elie Metchnikoff Changed the Course of Modern Medicine,£57.36
"I Hate Fairyland, Vol. 1: Madly Ever After (I Hate Fairyland (Compilations) #1-5)",£29.17
Algorithms to Live By: The Computer Science of Human Decisions,£30.81
A World of Flavor: Your Gluten Free Passport,£42.95
The Shadow Hero (The Shadow Hero),£33.14
The Secret (The Secret #1),£27.37
The Bridge to Consciousness: I'm Writing the Bridge Between Science and Our Old and New Beliefs.,£32.00
The Artist's Way: A Spiritual Path to Higher Creativity,£38.49
Modern Romance,£28.26
Miss Peregrine’s Home for Peculiar Children (Miss Peregrine’s Peculiar Children #1),£10.76
Dark Notes,£19.19
"Daring Greatly: How the Courage to Be Vulnerable Transforms the Way We Live, Love, Parent, and Lead",£19.43
Whole Lotta Creativity Going On: 60 Fun and Unusual Exercises to Awaken and Strengthen Your Creativity,£38.20
What's It Like in Space?: Stories from Astronauts Who've Been There,£19.60
The Power of Habit: Why We Do What We Do in Life and Business,£16.88
The Marriage of Opposites,£28.08
Swell: A Year of Waves,£45.58
Superman Vol. 1: Before Truth (Superman by Gene Luen Yang #1),£11.89
My Name Is Lucy Barton,£41.56
My Mrs. Brown,£24.48
Hold Your Breath (Search and Rescue #1),£28.82
Hamilton: The Revolution,£58.79
Code Name Verity (Code Name Verity #1),£22.13
Clockwork Angel (The Infernal Devices #1),£44.14
All the Light We Cannot See,£29.87
"Adulthood Is a Myth: A ""Sarah's Scribbles"" Collection",£10.90
The Midnight Watch: A Novel of the Titanic and the Californian,£26.20
The Lonely City: Adventures in the Art of Being Alone,£33.26
Hide Away (Eve Duncan #20),£11.84
Furiously Happy: A Funny Book About Horrible Things,£41.46
Mothering Sunday,£13.34
"Mother, Can You Not?",£16.89
Without Shame,£48.27
Watchmen,£58.05
Chernobyl 01:23:40: The Incredible True Story of the World's Worst Nuclear Disaster,£35.92
Art and Fear: Observations on the Perils (and Rewards) of Artmaking,£48.63
Roller Girl,£14.10
Rising Strong,£21.82
Heaven is for Real: A Little Boy's Astounding Story of His Trip to Heaven and Back,£52.86
Future Shock (Future Shock #1),£55.65
The Story of Art,£41.14
The Origin of Species,£10.01
Nightstruck: A Novel,£50.35
"Naturally Lean: 125 Nourishing Gluten-Free, Plant-Based Recipes--All Under 300 Calories",£11.38
Benjamin Franklin: An American Life,£48.19
"At The Existentialist Café: Freedom, Being, and apricot cocktails with: Jean-Paul Sartre, Simone de Beauvoir, Albert Camus, Martin Heidegger, Edmund Husserl, Karl Jaspers, Maurice Merleau-Ponty and others",£29.93
The Barefoot Contessa Cookbook,£59.92
Tell the Wolves I'm Home,£50.96
World Without End (The Pillars of the Earth #2),£32.97
"Will Grayson, Will Grayson (Will Grayson, Will Grayson)",£47.31
The Dream Thieves (The Raven Cycle #2),£34.50
The Darkest Corners,£11.33
Isla and the Happily Ever After (Anna and the French Kiss #3),£48.13
If I Stay (If I Stay #1),£38.13
Alight (The Generations Trilogy #2),£58.59
A Girl's Guide to Moving On (New Beginnings #2),£31.30
Shopaholic Ties the Knot (Shopaholic #3),£48.39
Paper and Fire (The Great Library #2),£49.45
Far From True (Promise Falls Trilogy #2),£34.93
Dark Lover (Black Dagger Brotherhood #1),£12.87
Walk the Edge (Thunder Road #2),£32.36
Voyager (Outlander #3),£21.07
The Silkworm (Cormoran Strike #2),£23.05
"The Sandman, Vol. 3: Dream Country (The Sandman (volumes) #3)",£55.55
The Lean Startup: How Today's Entrepreneurs Use Continuous Innovation to Create Radically Successful Businesses,£33.92
The Last Painting of Sara de Vos,£55.55
The Da Vinci Code (Robert Langdon #2),£22.96
The Cuckoo's Calling (Cormoran Strike #1),£19.21
Seven Days in the Art World,£52.33
Seven Brief Lessons on Physics,£30.60
Notes from a Small Island (Notes From a Small Island #1),£40.17
Night (The Night Trilogy #1),£13.51
Jurassic Park (Jurassic Park #1),£44.97
It's Never Too Late to Begin Again: Discovering Creativity and Meaning at Midlife and Beyond,£42.38
Girl in the Blue Coat,£46.83
"Fruits Basket, Vol. 3 (Fruits Basket #3)",£45.17
Civilization and Its Discontents,£59.95
Cinder (The Lunar Chronicles #1),£26.09
Annie on My Mind,£36.83
And Then There Were None,£35.01
"Fruits Basket, Vol. 2 (Fruits Basket #2)",£11.64
Diary of a Minecraft Zombie Book 1: A Scare of a Dare (An Unofficial Minecraft Book),£52.88
The Secret Healer,£34.56
"The Sandman, Vol. 1: Preludes and Nocturnes (The Sandman (volumes) #1)",£54.12
The Bhagavad Gita,£57.49
The Bette Davis Club,£30.66
On the Road (Duluoz Legend),£32.36
Old Records Never Die: One Man's Quest for His Vinyl and His Past,£55.66
Frankenstein,£38.00
Forever Rockers (The Rocker #12),£28.80
